<?xml version="1.0" encoding="UTF-8" standalone="no"?>
<bvxml xmlns="urn:oasis:names:tc:emergency:cap:1.2">
    <identifier>DPC_BULLETTIN_2021_06_22</identifier>
    <sender>DPC</sender>
    <sent>2021-06-22T13:56:27+02</sent>
    <status>actual</status>
    <msgType>Forecast</msgType>
    <scope>Public</scope>
    <info>
        <category>Precipitazioni previste</category>
        <event>Assenti o non rilevanti</event>
        <responseType>Prepare</responseType>
        <urgency>Expected</urgency>
        <severity>Moderate</severity>
        <certainty>Likely</certainty>
        <onset>2021-06-22NDH24:00:00+02</onset>
        <expires>2021-06-22NDH24:59:59+02</expires>
        <senderName>DIPARTIMENTO DI PROTEZIONE CIVILE</senderName>
        <description>Assenti o non rilevanti</description>
    </info>
    <info>
        <category>Precipitazioni previste</category>
        <event>Assenti o non rilevanti</event>
        <responseType>Prepare</responseType>
        <urgency>Expected</urgency>
        <severity>Moderate</severity>
        <certainty>Likely</certainty>
        <onset>2021-06-23RDH24:00:00+02</onset>
        <expires>2021-06-23RDH24:59:59+02</expires>
        <senderName>DIPARTIMENTO DI PROTEZIONE CIVILE</senderName>
        <description>Assenti o non rilevanti</description>
    </info>
    <info>
        <category>Precipitazioni previste</category>
        <event>Assenti o non rilevanti</event>
        <responseType>Prepare</responseType>
        <urgency>Expected</urgency>
        <severity>Moderate</severity>
        <certainty>Likely</certainty>
        <onset>2021-06-24THH24:00:00+02</onset>
        <expires>2021-06-24THH24:59:59+02</expires>
        <senderName>DIPARTIMENTO DI PROTEZIONE CIVILE</senderName>
        <description>Assenti o non rilevanti</description>
    </info>
    <info>
        <category>Precipitazioni previste</category>
        <event>Deboli</event>
        <responseType>Prepare</responseType>
        <urgency>Expected</urgency>
        <severity>Moderate</severity>
        <certainty>Likely</certainty>
        <onset>2021-06-22NDH24:00:00+02</onset>
        <expires>2021-06-22NDH24:59:59+02</expires>
        <senderName>DIPARTIMENTO DI PROTEZIONE CIVILE</senderName>
        <description>Deboli</description>
    </info>
    <info>
        <category>Precipitazioni previste</category>
        <event>Deboli</event>
        <responseType>Prepare</responseType>
        <urgency>Expected</urgency>
        <severity>Moderate</severity>
        <certainty>Likely</certainty>
        <onset>2021-06-23RDH24:00:00+02</onset>
        <expires>2021-06-23RDH24:59:59+02</expires>
        <senderName>DIPARTIMENTO DI PROTEZIONE CIVILE</senderName>
        <description>Deboli</description>
    </info>
    <info>
        <category>Precipitazioni previste</category>
        <event>Deboli</event>
        <responseType>Prepare</responseType>
        <urgency>Expected</urgency>
        <severity>Moderate</severity>
        <certainty>Likely</certainty>
        <onset>2021-06-24THH24:00:00+02</onset>
        <expires>2021-06-24THH24:59:59+02</expires>
        <senderName>DIPARTIMENTO DI PROTEZIONE CIVILE</senderName>
        <description>Deboli</description>
    </info>
</bvxml>
