<?xml version="1.0" encoding="UTF-8" standalone="no"?>
<bvxml xmlns="urn:oasis:names:tc:emergency:cap:1.2">
    <identifier>DPC_BULLETTIN_2019_07_10</identifier>
    <sender>DPC</sender>
    <sent>2019-07-10T13:53:19+02</sent>
    <status>actual</status>
    <msgType>Forecast</msgType>
    <scope>Public</scope>
    <info>
        <category>Precipitazioni previste</category>
        <event>Assenti o non rilevanti</event>
        <responseType>Prepare</responseType>
        <urgency>Expected</urgency>
        <severity>Moderate</severity>
        <certainty>Likely</certainty>
        <onset>2019-07-10THH24:00:00+02</onset>
        <expires>2019-07-10THH24:59:59+02</expires>
        <senderName>DIPARTIMENTO DI PROTEZIONE CIVILE</senderName>
        <description>Assenti o non rilevanti</description>
        <area>
            <areaDesc>Appennino emiliano ed entroterra ligure</areaDesc>
            <geocode>
                <valueName>Zona di Vigilanza</valueName>
                <value>13</value>
            </geocode>
        </area>
        <area>
            <areaDesc>Sicilia meridionale-orientale</areaDesc>
            <geocode>
                <valueName>Zona di Vigilanza</valueName>
                <value>60</value>
            </geocode>
        </area>
        <area>
            <areaDesc>Iglesiente, Sulcis, Campidano</areaDesc>
            <geocode>
                <valueName>Zona di Vigilanza</valueName>
                <value>66</value>
            </geocode>
        </area>
        <area>
            <areaDesc>Novarese, vercellese , biellese.</areaDesc>
            <geocode>
                <valueName>Zona di Vigilanza</valueName>
                <value>24</value>
            </geocode>
        </area>
        <area>
            <areaDesc>Veneto settentrionale e Alpi friulane</areaDesc>
            <geocode>
                <valueName>Zona di Vigilanza</valueName>
                <value>69</value>
            </geocode>
        </area>
        <area>
            <areaDesc>Sicilia centro-meridionale</areaDesc>
            <geocode>
                <valueName>Zona di Vigilanza</valueName>
                <value>58</value>
            </geocode>
        </area>
        <area>
            <areaDesc>Pianura friulana</areaDesc>
            <geocode>
                <valueName>Zona di Vigilanza</valueName>
                <value>2</value>
            </geocode>
        </area>
        <area>
            <areaDesc>Piemonte sud-orientale e pavese</areaDesc>
            <geocode>
                <valueName>Zona di Vigilanza</valueName>
                <value>8</value>
            </geocode>
        </area>
        <area>
            <areaDesc>Sardegna Centro-occidentale</areaDesc>
            <geocode>
                <valueName>Zona di Vigilanza</valueName>
                <value>64</value>
            </geocode>
        </area>
        <area>
            <areaDesc>Torinese</areaDesc>
            <geocode>
                <valueName>Zona di Vigilanza</valueName>
                <value>7</value>
            </geocode>
        </area>
        <area>
            <areaDesc>Costa degli etruschi e maremmana</areaDesc>
            <geocode>
                <valueName>Zona di Vigilanza</valueName>
                <value>26</value>
            </geocode>
        </area>
        <area>
            <areaDesc>Liguria di Levante, Lunigiana, Garfagnana e Versilia</areaDesc>
            <geocode>
                <valueName>Zona di Vigilanza</valueName>
                <value>17</value>
            </geocode>
        </area>
        <area>
            <areaDesc>Sicilia centro-settentrionale</areaDesc>
            <geocode>
                <valueName>Zona di Vigilanza</valueName>
                <value>55</value>
            </geocode>
        </area>
        <area>
            <areaDesc>Versante Jonico nord-orientale siciliano</areaDesc>
            <geocode>
                <valueName>Zona di Vigilanza</valueName>
                <value>57</value>
            </geocode>
        </area>
        <area>
            <areaDesc>Gallura</areaDesc>
            <geocode>
                <valueName>Zona di Vigilanza</valueName>
                <value>63</value>
            </geocode>
        </area>
        <area>
            <areaDesc>Terre di Pisa e Livorno</areaDesc>
            <geocode>
                <valueName>Zona di Vigilanza</valueName>
                <value>19</value>
            </geocode>
        </area>
        <area>
            <areaDesc>Versante Jonico calabrese meridionale</areaDesc>
            <geocode>
                <valueName>Zona di Vigilanza</valueName>
                <value>52</value>
            </geocode>
        </area>
        <area>
            <areaDesc>Bacino del Simeto</areaDesc>
            <geocode>
                <valueName>Zona di Vigilanza</valueName>
                <value>59</value>
            </geocode>
        </area>
        <area>
            <areaDesc>Lombardia centrale settore occidentale</areaDesc>
            <geocode>
                <valueName>Zona di Vigilanza</valueName>
                <value>3</value>
            </geocode>
        </area>
        <area>
            <areaDesc>Lombardia centrale settore orientale</areaDesc>
            <geocode>
                <valueName>Zona di Vigilanza</valueName>
                <value>61</value>
            </geocode>
        </area>
        <area>
            <areaDesc>Sardegna Centro-meridionale Orientale</areaDesc>
            <geocode>
                <valueName>Zona di Vigilanza</valueName>
                <value>65</value>
            </geocode>
        </area>
        <area>
            <areaDesc>Versante Jonico calabrese centrale</areaDesc>
            <geocode>
                <valueName>Zona di Vigilanza</valueName>
                <value>51</value>
            </geocode>
        </area>
        <area>
            <areaDesc>pianura emiliana</areaDesc>
            <geocode>
                <valueName>Zona di Vigilanza</valueName>
                <value>9</value>
            </geocode>
        </area>
        <area>
            <areaDesc>Pianura veneta</areaDesc>
            <geocode>
                <valueName>Zona di Vigilanza</valueName>
                <value>5</value>
            </geocode>
        </area>
        <area>
            <areaDesc>Logudoro, La Nurra</areaDesc>
            <geocode>
                <valueName>Zona di Vigilanza</valueName>
                <value>62</value>
            </geocode>
        </area>
        <area>
            <areaDesc>Lombardia sud-orientale</areaDesc>
            <geocode>
                <valueName>Zona di Vigilanza</valueName>
                <value>4</value>
            </geocode>
        </area>
        <area>
            <areaDesc>Romagna e delta del Po</areaDesc>
            <geocode>
                <valueName>Zona di Vigilanza</valueName>
                <value>10</value>
            </geocode>
        </area>
        <area>
            <areaDesc>Sicilia occidentale</areaDesc>
            <geocode>
                <valueName>Zona di Vigilanza</valueName>
                <value>54</value>
            </geocode>
        </area>
        <area>
            <areaDesc>Piemonte sud-occidentale ed entroterra ligure</areaDesc>
            <geocode>
                <valueName>Zona di Vigilanza</valueName>
                <value>11</value>
            </geocode>
        </area>
        <area>
            <areaDesc>Liguria di Ponente e centrale</areaDesc>
            <geocode>
                <valueName>Zona di Vigilanza</valueName>
                <value>16</value>
            </geocode>
        </area>
        <area>
            <areaDesc>Alto Adige</areaDesc>
            <geocode>
                <valueName>Zona di Vigilanza</valueName>
                <value>68</value>
            </geocode>
        </area>
    </info>
    <info>
        <category>Precipitazioni previste</category>
        <event>Assenti o non rilevanti</event>
        <responseType>Prepare</responseType>
        <urgency>Expected</urgency>
        <severity>Moderate</severity>
        <certainty>Likely</certainty>
        <onset>2019-07-11THH24:00:00+02</onset>
        <expires>2019-07-11THH24:59:59+02</expires>
        <senderName>DIPARTIMENTO DI PROTEZIONE CIVILE</senderName>
        <description>Assenti o non rilevanti</description>
        <area>
            <areaDesc>Appennino emiliano ed entroterra ligure</areaDesc>
            <geocode>
                <valueName>Zona di Vigilanza</valueName>
                <value>13</value>
            </geocode>
        </area>
        <area>
            <areaDesc>Monti della Daunia</areaDesc>
            <geocode>
                <valueName>Zona di Vigilanza</valueName>
                <value>39</value>
            </geocode>
        </area>
        <area>
            <areaDesc>Maremma laziale, monti Cimini, Volsini e Sabatini</areaDesc>
            <geocode>
                <valueName>Zona di Vigilanza</valueName>
                <value>27</value>
            </geocode>
        </area>
        <area>
            <areaDesc>Sicilia meridionale-orientale</areaDesc>
            <geocode>
                <valueName>Zona di Vigilanza</valueName>
                <value>60</value>
            </geocode>
        </area>
        <area>
            <areaDesc>Valle d’Aosta orientale e Piemonte nord-occidentale</areaDesc>
            <geocode>
                <valueName>Zona di Vigilanza</valueName>
                <value>12</value>
            </geocode>
        </area>
        <area>
            <areaDesc>Appennino marchigiano</areaDesc>
            <geocode>
                <valueName>Zona di Vigilanza</valueName>
                <value>23</value>
            </geocode>
        </area>
        <area>
            <areaDesc>Alto Tevere umbro</areaDesc>
            <geocode>
                <valueName>Zona di Vigilanza</valueName>
                <value>22</value>
            </geocode>
        </area>
        <area>
            <areaDesc>Iglesiente, Sulcis, Campidano</areaDesc>
            <geocode>
                <valueName>Zona di Vigilanza</valueName>
                <value>66</value>
            </geocode>
        </area>
        <area>
            <areaDesc>Novarese, vercellese , biellese.</areaDesc>
            <geocode>
                <valueName>Zona di Vigilanza</valueName>
                <value>24</value>
            </geocode>
        </area>
        <area>
            <areaDesc>Vulture, Medio-alto Ofanto</areaDesc>
            <geocode>
                <valueName>Zona di Vigilanza</valueName>
                <value>43</value>
            </geocode>
        </area>
        <area>
            <areaDesc>Gargano, Tavoliere, Capitanata</areaDesc>
            <geocode>
                <valueName>Zona di Vigilanza</valueName>
                <value>41</value>
            </geocode>
        </area>
        <area>
            <areaDesc>Sicilia centro-meridionale</areaDesc>
            <geocode>
                <valueName>Zona di Vigilanza</valueName>
                <value>58</value>
            </geocode>
        </area>
        <area>
            <areaDesc>Aniene, Ciociaria</areaDesc>
            <geocode>
                <valueName>Zona di Vigilanza</valueName>
                <value>32</value>
            </geocode>
        </area>
        <area>
            <areaDesc>Piemonte settentrionale e Lombardia nord-occidentale</areaDesc>
            <geocode>
                <valueName>Zona di Vigilanza</valueName>
                <value>35</value>
            </geocode>
        </area>
        <area>
            <areaDesc>Piemonte sud-orientale e pavese</areaDesc>
            <geocode>
                <valueName>Zona di Vigilanza</valueName>
                <value>8</value>
            </geocode>
        </area>
        <area>
            <areaDesc>Medio-alto Volturno, Venafro ed Alto Liri</areaDesc>
            <geocode>
                <valueName>Zona di Vigilanza</valueName>
                <value>38</value>
            </geocode>
        </area>
        <area>
            <areaDesc>Vladarno aretino, Val di Chiana e Trasimeno</areaDesc>
            <geocode>
                <valueName>Zona di Vigilanza</valueName>
                <value>20</value>
            </geocode>
        </area>
        <area>
            <areaDesc>Sardegna Centro-occidentale</areaDesc>
            <geocode>
                <valueName>Zona di Vigilanza</valueName>
                <value>64</value>
            </geocode>
        </area>
        <area>
            <areaDesc>Appennino abruzzese meridionale, Sannio, Frentani e Matese</areaDesc>
            <geocode>
                <valueName>Zona di Vigilanza</valueName>
                <value>33</value>
            </geocode>
        </area>
        <area>
            <areaDesc>Torinese</areaDesc>
            <geocode>
                <valueName>Zona di Vigilanza</valueName>
                <value>7</value>
            </geocode>
        </area>
        <area>
            <areaDesc>Costa degli etruschi e maremmana</areaDesc>
            <geocode>
                <valueName>Zona di Vigilanza</valueName>
                <value>26</value>
            </geocode>
        </area>
        <area>
            <areaDesc>Liguria di Levante, Lunigiana, Garfagnana e Versilia</areaDesc>
            <geocode>
                <valueName>Zona di Vigilanza</valueName>
                <value>17</value>
            </geocode>
        </area>
        <area>
            <areaDesc>Costa romagnola meridionale e marchigiana settentrionale</areaDesc>
            <geocode>
                <valueName>Zona di Vigilanza</valueName>
                <value>15</value>
            </geocode>
        </area>
        <area>
            <areaDesc>Gallura</areaDesc>
            <geocode>
                <valueName>Zona di Vigilanza</valueName>
                <value>63</value>
            </geocode>
        </area>
        <area>
            <areaDesc>Terre di Pisa e Livorno</areaDesc>
            <geocode>
                <valueName>Zona di Vigilanza</valueName>
                <value>19</value>
            </geocode>
        </area>
        <area>
            <areaDesc>Chianti, Terre di Siena, Val d’Orcia, Maremma toscana</areaDesc>
            <geocode>
                <valueName>Zona di Vigilanza</valueName>
                <value>21</value>
            </geocode>
        </area>
        <area>
            <areaDesc>Bacino del Simeto</areaDesc>
            <geocode>
                <valueName>Zona di Vigilanza</valueName>
                <value>59</value>
            </geocode>
        </area>
        <area>
            <areaDesc>Dolomiti Lucane, Potentino ed Alta Murgia</areaDesc>
            <geocode>
                <valueName>Zona di Vigilanza</valueName>
                <value>44</value>
            </geocode>
        </area>
        <area>
            <areaDesc>Lombardia centrale settore occidentale</areaDesc>
            <geocode>
                <valueName>Zona di Vigilanza</valueName>
                <value>3</value>
            </geocode>
        </area>
        <area>
            <areaDesc>Appennino abruzzese centro-settentrionale</areaDesc>
            <geocode>
                <valueName>Zona di Vigilanza</valueName>
                <value>30</value>
            </geocode>
        </area>
        <area>
            <areaDesc>Lombardia centrale settore orientale</areaDesc>
            <geocode>
                <valueName>Zona di Vigilanza</valueName>
                <value>61</value>
            </geocode>
        </area>
        <area>
            <areaDesc>Sardegna Centro-meridionale Orientale</areaDesc>
            <geocode>
                <valueName>Zona di Vigilanza</valueName>
                <value>65</value>
            </geocode>
        </area>
        <area>
            <areaDesc>Versante Jonico calabrese centrale</areaDesc>
            <geocode>
                <valueName>Zona di Vigilanza</valueName>
                <value>51</value>
            </geocode>
        </area>
        <area>
            <areaDesc>pianura emiliana</areaDesc>
            <geocode>
                <valueName>Zona di Vigilanza</valueName>
                <value>9</value>
            </geocode>
        </area>
        <area>
            <areaDesc>Mugello e Casentino</areaDesc>
            <geocode>
                <valueName>Zona di Vigilanza</valueName>
                <value>18</value>
            </geocode>
        </area>
        <area>
            <areaDesc>Piemonte occidentale</areaDesc>
            <geocode>
                <valueName>Zona di Vigilanza</valueName>
                <value>6</value>
            </geocode>
        </area>
        <area>
            <areaDesc>Versante Tirrenico calabrese centrale</areaDesc>
            <geocode>
                <valueName>Zona di Vigilanza</valueName>
                <value>49</value>
            </geocode>
        </area>
        <area>
            <areaDesc>Pianura veneta</areaDesc>
            <geocode>
                <valueName>Zona di Vigilanza</valueName>
                <value>5</value>
            </geocode>
        </area>
        <area>
            <areaDesc>Costa molisana e abruzzese meridionale</areaDesc>
            <geocode>
                <valueName>Zona di Vigilanza</valueName>
                <value>34</value>
            </geocode>
        </area>
        <area>
            <areaDesc>Medio bacino del Tevere Umbro-Laziale</areaDesc>
            <geocode>
                <valueName>Zona di Vigilanza</valueName>
                <value>28</value>
            </geocode>
        </area>
        <area>
            <areaDesc>Versante Tirrenico calabrese settentrionale</areaDesc>
            <geocode>
                <valueName>Zona di Vigilanza</valueName>
                <value>70</value>
            </geocode>
        </area>
        <area>
            <areaDesc>Valle d’Aosta centro-occidentale</areaDesc>
            <geocode>
                <valueName>Zona di Vigilanza</valueName>
                <value>1</value>
            </geocode>
        </area>
        <area>
            <areaDesc>Alta Irpinia e Sannio</areaDesc>
            <geocode>
                <valueName>Zona di Vigilanza</valueName>
                <value>40</value>
            </geocode>
        </area>
        <area>
            <areaDesc>Murge Tarantine e Piana di Metaponto</areaDesc>
            <geocode>
                <valueName>Zona di Vigilanza</valueName>
                <value>46</value>
            </geocode>
        </area>
        <area>
            <areaDesc>Logudoro, La Nurra</areaDesc>
            <geocode>
                <valueName>Zona di Vigilanza</valueName>
                <value>62</value>
            </geocode>
        </area>
        <area>
            <areaDesc>Lombardia sud-orientale</areaDesc>
            <geocode>
                <valueName>Zona di Vigilanza</valueName>
                <value>4</value>
            </geocode>
        </area>
        <area>
            <areaDesc>Romagna e delta del Po</areaDesc>
            <geocode>
                <valueName>Zona di Vigilanza</valueName>
                <value>10</value>
            </geocode>
        </area>
        <area>
            <areaDesc>Costa marchigiana meridionale e abruzzese centro-settentrionale</areaDesc>
            <geocode>
                <valueName>Zona di Vigilanza</valueName>
                <value>25</value>
            </geocode>
        </area>
        <area>
            <areaDesc>Agro Pontino, Costa laziale meridionale, Lepini ed Aurunci</areaDesc>
            <geocode>
                <valueName>Zona di Vigilanza</valueName>
                <value>36</value>
            </geocode>
        </area>
        <area>
            <areaDesc>Comune di Roma</areaDesc>
            <geocode>
                <valueName>Zona di Vigilanza</valueName>
                <value>31</value>
            </geocode>
        </area>
        <area>
            <areaDesc>Sicilia occidentale</areaDesc>
            <geocode>
                <valueName>Zona di Vigilanza</valueName>
                <value>54</value>
            </geocode>
        </area>
        <area>
            <areaDesc>Appennino emiliano romagnolo</areaDesc>
            <geocode>
                <valueName>Zona di Vigilanza</valueName>
                <value>14</value>
            </geocode>
        </area>
        <area>
            <areaDesc>Pianura campana, Napoli, Penisola Amalfitana e Monti Picentini</areaDesc>
            <geocode>
                <valueName>Zona di Vigilanza</valueName>
                <value>37</value>
            </geocode>
        </area>
        <area>
            <areaDesc>Piemonte sud-occidentale ed entroterra ligure</areaDesc>
            <geocode>
                <valueName>Zona di Vigilanza</valueName>
                <value>11</value>
            </geocode>
        </area>
        <area>
            <areaDesc>Monti Reatini, Sabini e Bacini del Nera e Corno</areaDesc>
            <geocode>
                <valueName>Zona di Vigilanza</valueName>
                <value>29</value>
            </geocode>
        </area>
        <area>
            <areaDesc>Liguria di Ponente e centrale</areaDesc>
            <geocode>
                <valueName>Zona di Vigilanza</valueName>
                <value>16</value>
            </geocode>
        </area>
        <area>
            <areaDesc>Cilento, Vallo di Diano ed Appennino lucano</areaDesc>
            <geocode>
                <valueName>Zona di Vigilanza</valueName>
                <value>42</value>
            </geocode>
        </area>
    </info>
    <info>
        <category>Precipitazioni previste</category>
        <event>Assenti o non rilevanti</event>
        <responseType>Prepare</responseType>
        <urgency>Expected</urgency>
        <severity>Moderate</severity>
        <certainty>Likely</certainty>
        <onset>2019-07-12THH24:00:00+02</onset>
        <expires>2019-07-12THH24:59:59+02</expires>
        <senderName>DIPARTIMENTO DI PROTEZIONE CIVILE</senderName>
        <description>Assenti o non rilevanti</description>
        <area>
            <areaDesc>Appennino emiliano ed entroterra ligure</areaDesc>
            <geocode>
                <valueName>Zona di Vigilanza</valueName>
                <value>13</value>
            </geocode>
        </area>
        <area>
            <areaDesc>Versante Tirrenico calabrese meridionale</areaDesc>
            <geocode>
                <valueName>Zona di Vigilanza</valueName>
                <value>53</value>
            </geocode>
        </area>
        <area>
            <areaDesc>Maremma laziale, monti Cimini, Volsini e Sabatini</areaDesc>
            <geocode>
                <valueName>Zona di Vigilanza</valueName>
                <value>27</value>
            </geocode>
        </area>
        <area>
            <areaDesc>Sicilia meridionale-orientale</areaDesc>
            <geocode>
                <valueName>Zona di Vigilanza</valueName>
                <value>60</value>
            </geocode>
        </area>
        <area>
            <areaDesc>Valle d’Aosta orientale e Piemonte nord-occidentale</areaDesc>
            <geocode>
                <valueName>Zona di Vigilanza</valueName>
                <value>12</value>
            </geocode>
        </area>
        <area>
            <areaDesc>Appennino marchigiano</areaDesc>
            <geocode>
                <valueName>Zona di Vigilanza</valueName>
                <value>23</value>
            </geocode>
        </area>
        <area>
            <areaDesc>Versante Tirrenico nord-orientale siciliano</areaDesc>
            <geocode>
                <valueName>Zona di Vigilanza</valueName>
                <value>56</value>
            </geocode>
        </area>
        <area>
            <areaDesc>Iglesiente, Sulcis, Campidano</areaDesc>
            <geocode>
                <valueName>Zona di Vigilanza</valueName>
                <value>66</value>
            </geocode>
        </area>
        <area>
            <areaDesc>Novarese, vercellese , biellese.</areaDesc>
            <geocode>
                <valueName>Zona di Vigilanza</valueName>
                <value>24</value>
            </geocode>
        </area>
        <area>
            <areaDesc>Gargano, Tavoliere, Capitanata</areaDesc>
            <geocode>
                <valueName>Zona di Vigilanza</valueName>
                <value>41</value>
            </geocode>
        </area>
        <area>
            <areaDesc>Sicilia centro-meridionale</areaDesc>
            <geocode>
                <valueName>Zona di Vigilanza</valueName>
                <value>58</value>
            </geocode>
        </area>
        <area>
            <areaDesc>Piemonte settentrionale e Lombardia nord-occidentale</areaDesc>
            <geocode>
                <valueName>Zona di Vigilanza</valueName>
                <value>35</value>
            </geocode>
        </area>
        <area>
            <areaDesc>Piemonte sud-orientale e pavese</areaDesc>
            <geocode>
                <valueName>Zona di Vigilanza</valueName>
                <value>8</value>
            </geocode>
        </area>
        <area>
            <areaDesc>Sardegna Centro-occidentale</areaDesc>
            <geocode>
                <valueName>Zona di Vigilanza</valueName>
                <value>64</value>
            </geocode>
        </area>
        <area>
            <areaDesc>Torinese</areaDesc>
            <geocode>
                <valueName>Zona di Vigilanza</valueName>
                <value>7</value>
            </geocode>
        </area>
        <area>
            <areaDesc>Costa degli etruschi e maremmana</areaDesc>
            <geocode>
                <valueName>Zona di Vigilanza</valueName>
                <value>26</value>
            </geocode>
        </area>
        <area>
            <areaDesc>Liguria di Levante, Lunigiana, Garfagnana e Versilia</areaDesc>
            <geocode>
                <valueName>Zona di Vigilanza</valueName>
                <value>17</value>
            </geocode>
        </area>
        <area>
            <areaDesc>Costa romagnola meridionale e marchigiana settentrionale</areaDesc>
            <geocode>
                <valueName>Zona di Vigilanza</valueName>
                <value>15</value>
            </geocode>
        </area>
        <area>
            <areaDesc>Sicilia centro-settentrionale</areaDesc>
            <geocode>
                <valueName>Zona di Vigilanza</valueName>
                <value>55</value>
            </geocode>
        </area>
        <area>
            <areaDesc>Versante Jonico nord-orientale siciliano</areaDesc>
            <geocode>
                <valueName>Zona di Vigilanza</valueName>
                <value>57</value>
            </geocode>
        </area>
        <area>
            <areaDesc>Gallura</areaDesc>
            <geocode>
                <valueName>Zona di Vigilanza</valueName>
                <value>63</value>
            </geocode>
        </area>
        <area>
            <areaDesc>Terre di Pisa e Livorno</areaDesc>
            <geocode>
                <valueName>Zona di Vigilanza</valueName>
                <value>19</value>
            </geocode>
        </area>
        <area>
            <areaDesc>Versante Jonico calabrese meridionale</areaDesc>
            <geocode>
                <valueName>Zona di Vigilanza</valueName>
                <value>52</value>
            </geocode>
        </area>
        <area>
            <areaDesc>Chianti, Terre di Siena, Val d’Orcia, Maremma toscana</areaDesc>
            <geocode>
                <valueName>Zona di Vigilanza</valueName>
                <value>21</value>
            </geocode>
        </area>
        <area>
            <areaDesc>Bacino del Simeto</areaDesc>
            <geocode>
                <valueName>Zona di Vigilanza</valueName>
                <value>59</value>
            </geocode>
        </area>
        <area>
            <areaDesc>Dolomiti Lucane, Potentino ed Alta Murgia</areaDesc>
            <geocode>
                <valueName>Zona di Vigilanza</valueName>
                <value>44</value>
            </geocode>
        </area>
        <area>
            <areaDesc>Lombardia centrale settore occidentale</areaDesc>
            <geocode>
                <valueName>Zona di Vigilanza</valueName>
                <value>3</value>
            </geocode>
        </area>
        <area>
            <areaDesc>Costa pugliese centrale</areaDesc>
            <geocode>
                <valueName>Zona di Vigilanza</valueName>
                <value>45</value>
            </geocode>
        </area>
        <area>
            <areaDesc>Lombardia centrale settore orientale</areaDesc>
            <geocode>
                <valueName>Zona di Vigilanza</valueName>
                <value>61</value>
            </geocode>
        </area>
        <area>
            <areaDesc>Sardegna Centro-meridionale Orientale</areaDesc>
            <geocode>
                <valueName>Zona di Vigilanza</valueName>
                <value>65</value>
            </geocode>
        </area>
        <area>
            <areaDesc>Versante Jonico calabrese centrale</areaDesc>
            <geocode>
                <valueName>Zona di Vigilanza</valueName>
                <value>51</value>
            </geocode>
        </area>
        <area>
            <areaDesc>pianura emiliana</areaDesc>
            <geocode>
                <valueName>Zona di Vigilanza</valueName>
                <value>9</value>
            </geocode>
        </area>
        <area>
            <areaDesc>Piemonte occidentale</areaDesc>
            <geocode>
                <valueName>Zona di Vigilanza</valueName>
                <value>6</value>
            </geocode>
        </area>
        <area>
            <areaDesc>Versante Jonico calabrese settentrionale</areaDesc>
            <geocode>
                <valueName>Zona di Vigilanza</valueName>
                <value>50</value>
            </geocode>
        </area>
        <area>
            <areaDesc>Versante Tirrenico calabrese centrale</areaDesc>
            <geocode>
                <valueName>Zona di Vigilanza</valueName>
                <value>49</value>
            </geocode>
        </area>
        <area>
            <areaDesc>Pianura veneta</areaDesc>
            <geocode>
                <valueName>Zona di Vigilanza</valueName>
                <value>5</value>
            </geocode>
        </area>
        <area>
            <areaDesc>Costa molisana e abruzzese meridionale</areaDesc>
            <geocode>
                <valueName>Zona di Vigilanza</valueName>
                <value>34</value>
            </geocode>
        </area>
        <area>
            <areaDesc>Medio bacino del Tevere Umbro-Laziale</areaDesc>
            <geocode>
                <valueName>Zona di Vigilanza</valueName>
                <value>28</value>
            </geocode>
        </area>
        <area>
            <areaDesc>Versante Tirrenico calabrese settentrionale</areaDesc>
            <geocode>
                <valueName>Zona di Vigilanza</valueName>
                <value>70</value>
            </geocode>
        </area>
        <area>
            <areaDesc>Valle d’Aosta centro-occidentale</areaDesc>
            <geocode>
                <valueName>Zona di Vigilanza</valueName>
                <value>1</value>
            </geocode>
        </area>
        <area>
            <areaDesc>Penisola salentina</areaDesc>
            <geocode>
                <valueName>Zona di Vigilanza</valueName>
                <value>47</value>
            </geocode>
        </area>
        <area>
            <areaDesc>Murge Tarantine e Piana di Metaponto</areaDesc>
            <geocode>
                <valueName>Zona di Vigilanza</valueName>
                <value>46</value>
            </geocode>
        </area>
        <area>
            <areaDesc>Logudoro, La Nurra</areaDesc>
            <geocode>
                <valueName>Zona di Vigilanza</valueName>
                <value>62</value>
            </geocode>
        </area>
        <area>
            <areaDesc>Lombardia sud-orientale</areaDesc>
            <geocode>
                <valueName>Zona di Vigilanza</valueName>
                <value>4</value>
            </geocode>
        </area>
        <area>
            <areaDesc>Romagna e delta del Po</areaDesc>
            <geocode>
                <valueName>Zona di Vigilanza</valueName>
                <value>10</value>
            </geocode>
        </area>
        <area>
            <areaDesc>Costa marchigiana meridionale e abruzzese centro-settentrionale</areaDesc>
            <geocode>
                <valueName>Zona di Vigilanza</valueName>
                <value>25</value>
            </geocode>
        </area>
        <area>
            <areaDesc>Agro Pontino, Costa laziale meridionale, Lepini ed Aurunci</areaDesc>
            <geocode>
                <valueName>Zona di Vigilanza</valueName>
                <value>36</value>
            </geocode>
        </area>
        <area>
            <areaDesc>Comune di Roma</areaDesc>
            <geocode>
                <valueName>Zona di Vigilanza</valueName>
                <value>31</value>
            </geocode>
        </area>
        <area>
            <areaDesc>Sicilia occidentale</areaDesc>
            <geocode>
                <valueName>Zona di Vigilanza</valueName>
                <value>54</value>
            </geocode>
        </area>
        <area>
            <areaDesc>Pianura campana, Napoli, Penisola Amalfitana e Monti Picentini</areaDesc>
            <geocode>
                <valueName>Zona di Vigilanza</valueName>
                <value>37</value>
            </geocode>
        </area>
        <area>
            <areaDesc>Piemonte sud-occidentale ed entroterra ligure</areaDesc>
            <geocode>
                <valueName>Zona di Vigilanza</valueName>
                <value>11</value>
            </geocode>
        </area>
        <area>
            <areaDesc>Liguria di Ponente e centrale</areaDesc>
            <geocode>
                <valueName>Zona di Vigilanza</valueName>
                <value>16</value>
            </geocode>
        </area>
        <area>
            <areaDesc>Cilento, Vallo di Diano ed Appennino lucano</areaDesc>
            <geocode>
                <valueName>Zona di Vigilanza</valueName>
                <value>42</value>
            </geocode>
        </area>
    </info>
    <info>
        <category>Precipitazioni previste</category>
        <event>Deboli</event>
        <responseType>Prepare</responseType>
        <urgency>Expected</urgency>
        <severity>Moderate</severity>
        <certainty>Likely</certainty>
        <onset>2019-07-10THH24:00:00+02</onset>
        <expires>2019-07-10THH24:59:59+02</expires>
        <senderName>DIPARTIMENTO DI PROTEZIONE CIVILE</senderName>
        <description>Deboli</description>
        <area>
            <areaDesc>Valle d’Aosta centro-occidentale</areaDesc>
            <geocode>
                <valueName>Zona di Vigilanza</valueName>
                <value>1</value>
            </geocode>
        </area>
        <area>
            <areaDesc>Piemonte occidentale</areaDesc>
            <geocode>
                <valueName>Zona di Vigilanza</valueName>
                <value>6</value>
            </geocode>
        </area>
        <area>
            <areaDesc>Valle d’Aosta orientale e Piemonte nord-occidentale</areaDesc>
            <geocode>
                <valueName>Zona di Vigilanza</valueName>
                <value>12</value>
            </geocode>
        </area>
        <area>
            <areaDesc>Appennino emiliano romagnolo</areaDesc>
            <geocode>
                <valueName>Zona di Vigilanza</valueName>
                <value>14</value>
            </geocode>
        </area>
        <area>
            <areaDesc>Costa romagnola meridionale e marchigiana settentrionale</areaDesc>
            <geocode>
                <valueName>Zona di Vigilanza</valueName>
                <value>15</value>
            </geocode>
        </area>
        <area>
            <areaDesc>Mugello e Casentino</areaDesc>
            <geocode>
                <valueName>Zona di Vigilanza</valueName>
                <value>18</value>
            </geocode>
        </area>
        <area>
            <areaDesc>Vladarno aretino, Val di Chiana e Trasimeno</areaDesc>
            <geocode>
                <valueName>Zona di Vigilanza</valueName>
                <value>20</value>
            </geocode>
        </area>
        <area>
            <areaDesc>Chianti, Terre di Siena, Val d’Orcia, Maremma toscana</areaDesc>
            <geocode>
                <valueName>Zona di Vigilanza</valueName>
                <value>21</value>
            </geocode>
        </area>
        <area>
            <areaDesc>Alto Tevere umbro</areaDesc>
            <geocode>
                <valueName>Zona di Vigilanza</valueName>
                <value>22</value>
            </geocode>
        </area>
        <area>
            <areaDesc>Appennino marchigiano</areaDesc>
            <geocode>
                <valueName>Zona di Vigilanza</valueName>
                <value>23</value>
            </geocode>
        </area>
        <area>
            <areaDesc>Maremma laziale, monti Cimini, Volsini e Sabatini</areaDesc>
            <geocode>
                <valueName>Zona di Vigilanza</valueName>
                <value>27</value>
            </geocode>
        </area>
        <area>
            <areaDesc>Medio bacino del Tevere Umbro-Laziale</areaDesc>
            <geocode>
                <valueName>Zona di Vigilanza</valueName>
                <value>28</value>
            </geocode>
        </area>
        <area>
            <areaDesc>Comune di Roma</areaDesc>
            <geocode>
                <valueName>Zona di Vigilanza</valueName>
                <value>31</value>
            </geocode>
        </area>
        <area>
            <areaDesc>Aniene, Ciociaria</areaDesc>
            <geocode>
                <valueName>Zona di Vigilanza</valueName>
                <value>32</value>
            </geocode>
        </area>
        <area>
            <areaDesc>Piemonte settentrionale e Lombardia nord-occidentale</areaDesc>
            <geocode>
                <valueName>Zona di Vigilanza</valueName>
                <value>35</value>
            </geocode>
        </area>
        <area>
            <areaDesc>Agro Pontino, Costa laziale meridionale, Lepini ed Aurunci</areaDesc>
            <geocode>
                <valueName>Zona di Vigilanza</valueName>
                <value>36</value>
            </geocode>
        </area>
        <area>
            <areaDesc>Pianura campana, Napoli, Penisola Amalfitana e Monti Picentini</areaDesc>
            <geocode>
                <valueName>Zona di Vigilanza</valueName>
                <value>37</value>
            </geocode>
        </area>
        <area>
            <areaDesc>Murge Tarantine e Piana di Metaponto</areaDesc>
            <geocode>
                <valueName>Zona di Vigilanza</valueName>
                <value>46</value>
            </geocode>
        </area>
        <area>
            <areaDesc>Penisola salentina</areaDesc>
            <geocode>
                <valueName>Zona di Vigilanza</valueName>
                <value>47</value>
            </geocode>
        </area>
        <area>
            <areaDesc>Lombardia nord-orientale</areaDesc>
            <geocode>
                <valueName>Zona di Vigilanza</valueName>
                <value>48</value>
            </geocode>
        </area>
        <area>
            <areaDesc>Versante Tirrenico calabrese centrale</areaDesc>
            <geocode>
                <valueName>Zona di Vigilanza</valueName>
                <value>49</value>
            </geocode>
        </area>
        <area>
            <areaDesc>Versante Jonico calabrese settentrionale</areaDesc>
            <geocode>
                <valueName>Zona di Vigilanza</valueName>
                <value>50</value>
            </geocode>
        </area>
        <area>
            <areaDesc>Versante Tirrenico calabrese meridionale</areaDesc>
            <geocode>
                <valueName>Zona di Vigilanza</valueName>
                <value>53</value>
            </geocode>
        </area>
        <area>
            <areaDesc>Versante Tirrenico nord-orientale siciliano</areaDesc>
            <geocode>
                <valueName>Zona di Vigilanza</valueName>
                <value>56</value>
            </geocode>
        </area>
        <area>
            <areaDesc>Trentino e Alto piano dei sette comuni</areaDesc>
            <geocode>
                <valueName>Zona di Vigilanza</valueName>
                <value>67</value>
            </geocode>
        </area>
        <area>
            <areaDesc>Versante Tirrenico calabrese settentrionale</areaDesc>
            <geocode>
                <valueName>Zona di Vigilanza</valueName>
                <value>70</value>
            </geocode>
        </area>
    </info>
    <info>
        <category>Precipitazioni previste</category>
        <event>Deboli</event>
        <responseType>Prepare</responseType>
        <urgency>Expected</urgency>
        <severity>Moderate</severity>
        <certainty>Likely</certainty>
        <onset>2019-07-11THH24:00:00+02</onset>
        <expires>2019-07-11THH24:59:59+02</expires>
        <senderName>DIPARTIMENTO DI PROTEZIONE CIVILE</senderName>
        <description>Deboli</description>
        <area>
            <areaDesc>Pianura friulana</areaDesc>
            <geocode>
                <valueName>Zona di Vigilanza</valueName>
                <value>2</value>
            </geocode>
        </area>
        <area>
            <areaDesc>Costa pugliese centrale</areaDesc>
            <geocode>
                <valueName>Zona di Vigilanza</valueName>
                <value>45</value>
            </geocode>
        </area>
        <area>
            <areaDesc>Penisola salentina</areaDesc>
            <geocode>
                <valueName>Zona di Vigilanza</valueName>
                <value>47</value>
            </geocode>
        </area>
        <area>
            <areaDesc>Lombardia nord-orientale</areaDesc>
            <geocode>
                <valueName>Zona di Vigilanza</valueName>
                <value>48</value>
            </geocode>
        </area>
        <area>
            <areaDesc>Versante Jonico calabrese settentrionale</areaDesc>
            <geocode>
                <valueName>Zona di Vigilanza</valueName>
                <value>50</value>
            </geocode>
        </area>
        <area>
            <areaDesc>Versante Jonico calabrese meridionale</areaDesc>
            <geocode>
                <valueName>Zona di Vigilanza</valueName>
                <value>52</value>
            </geocode>
        </area>
        <area>
            <areaDesc>Versante Tirrenico calabrese meridionale</areaDesc>
            <geocode>
                <valueName>Zona di Vigilanza</valueName>
                <value>53</value>
            </geocode>
        </area>
        <area>
            <areaDesc>Sicilia centro-settentrionale</areaDesc>
            <geocode>
                <valueName>Zona di Vigilanza</valueName>
                <value>55</value>
            </geocode>
        </area>
        <area>
            <areaDesc>Versante Tirrenico nord-orientale siciliano</areaDesc>
            <geocode>
                <valueName>Zona di Vigilanza</valueName>
                <value>56</value>
            </geocode>
        </area>
        <area>
            <areaDesc>Versante Jonico nord-orientale siciliano</areaDesc>
            <geocode>
                <valueName>Zona di Vigilanza</valueName>
                <value>57</value>
            </geocode>
        </area>
        <area>
            <areaDesc>Trentino e Alto piano dei sette comuni</areaDesc>
            <geocode>
                <valueName>Zona di Vigilanza</valueName>
                <value>67</value>
            </geocode>
        </area>
        <area>
            <areaDesc>Alto Adige</areaDesc>
            <geocode>
                <valueName>Zona di Vigilanza</valueName>
                <value>68</value>
            </geocode>
        </area>
        <area>
            <areaDesc>Veneto settentrionale e Alpi friulane</areaDesc>
            <geocode>
                <valueName>Zona di Vigilanza</valueName>
                <value>69</value>
            </geocode>
        </area>
    </info>
    <info>
        <category>Precipitazioni previste</category>
        <event>Deboli</event>
        <responseType>Prepare</responseType>
        <urgency>Expected</urgency>
        <severity>Moderate</severity>
        <certainty>Likely</certainty>
        <onset>2019-07-12THH24:00:00+02</onset>
        <expires>2019-07-12THH24:59:59+02</expires>
        <senderName>DIPARTIMENTO DI PROTEZIONE CIVILE</senderName>
        <description>Deboli</description>
        <area>
            <areaDesc>Pianura friulana</areaDesc>
            <geocode>
                <valueName>Zona di Vigilanza</valueName>
                <value>2</value>
            </geocode>
        </area>
        <area>
            <areaDesc>Appennino emiliano romagnolo</areaDesc>
            <geocode>
                <valueName>Zona di Vigilanza</valueName>
                <value>14</value>
            </geocode>
        </area>
        <area>
            <areaDesc>Mugello e Casentino</areaDesc>
            <geocode>
                <valueName>Zona di Vigilanza</valueName>
                <value>18</value>
            </geocode>
        </area>
        <area>
            <areaDesc>Vladarno aretino, Val di Chiana e Trasimeno</areaDesc>
            <geocode>
                <valueName>Zona di Vigilanza</valueName>
                <value>20</value>
            </geocode>
        </area>
        <area>
            <areaDesc>Alto Tevere umbro</areaDesc>
            <geocode>
                <valueName>Zona di Vigilanza</valueName>
                <value>22</value>
            </geocode>
        </area>
        <area>
            <areaDesc>Monti Reatini, Sabini e Bacini del Nera e Corno</areaDesc>
            <geocode>
                <valueName>Zona di Vigilanza</valueName>
                <value>29</value>
            </geocode>
        </area>
        <area>
            <areaDesc>Appennino abruzzese centro-settentrionale</areaDesc>
            <geocode>
                <valueName>Zona di Vigilanza</valueName>
                <value>30</value>
            </geocode>
        </area>
        <area>
            <areaDesc>Aniene, Ciociaria</areaDesc>
            <geocode>
                <valueName>Zona di Vigilanza</valueName>
                <value>32</value>
            </geocode>
        </area>
        <area>
            <areaDesc>Appennino abruzzese meridionale, Sannio, Frentani e Matese</areaDesc>
            <geocode>
                <valueName>Zona di Vigilanza</valueName>
                <value>33</value>
            </geocode>
        </area>
        <area>
            <areaDesc>Medio-alto Volturno, Venafro ed Alto Liri</areaDesc>
            <geocode>
                <valueName>Zona di Vigilanza</valueName>
                <value>38</value>
            </geocode>
        </area>
        <area>
            <areaDesc>Monti della Daunia</areaDesc>
            <geocode>
                <valueName>Zona di Vigilanza</valueName>
                <value>39</value>
            </geocode>
        </area>
        <area>
            <areaDesc>Alta Irpinia e Sannio</areaDesc>
            <geocode>
                <valueName>Zona di Vigilanza</valueName>
                <value>40</value>
            </geocode>
        </area>
        <area>
            <areaDesc>Vulture, Medio-alto Ofanto</areaDesc>
            <geocode>
                <valueName>Zona di Vigilanza</valueName>
                <value>43</value>
            </geocode>
        </area>
        <area>
            <areaDesc>Lombardia nord-orientale</areaDesc>
            <geocode>
                <valueName>Zona di Vigilanza</valueName>
                <value>48</value>
            </geocode>
        </area>
        <area>
            <areaDesc>Trentino e Alto piano dei sette comuni</areaDesc>
            <geocode>
                <valueName>Zona di Vigilanza</valueName>
                <value>67</value>
            </geocode>
        </area>
        <area>
            <areaDesc>Alto Adige</areaDesc>
            <geocode>
                <valueName>Zona di Vigilanza</valueName>
                <value>68</value>
            </geocode>
        </area>
        <area>
            <areaDesc>Veneto settentrionale e Alpi friulane</areaDesc>
            <geocode>
                <valueName>Zona di Vigilanza</valueName>
                <value>69</value>
            </geocode>
        </area>
    </info>
    <info>
        <category>Precipitazioni previste</category>
        <event>Moderati</event>
        <responseType>Prepare</responseType>
        <urgency>Expected</urgency>
        <severity>Moderate</severity>
        <certainty>Likely</certainty>
        <onset>2019-07-10THH24:00:00+02</onset>
        <expires>2019-07-10THH24:59:59+02</expires>
        <senderName>DIPARTIMENTO DI PROTEZIONE CIVILE</senderName>
        <description>Moderati</description>
        <area>
            <areaDesc>Costa marchigiana meridionale e abruzzese centro-settentrionale</areaDesc>
            <geocode>
                <valueName>Zona di Vigilanza</valueName>
                <value>25</value>
            </geocode>
        </area>
        <area>
            <areaDesc>Monti Reatini, Sabini e Bacini del Nera e Corno</areaDesc>
            <geocode>
                <valueName>Zona di Vigilanza</valueName>
                <value>29</value>
            </geocode>
        </area>
        <area>
            <areaDesc>Appennino abruzzese centro-settentrionale</areaDesc>
            <geocode>
                <valueName>Zona di Vigilanza</valueName>
                <value>30</value>
            </geocode>
        </area>
        <area>
            <areaDesc>Appennino abruzzese meridionale, Sannio, Frentani e Matese</areaDesc>
            <geocode>
                <valueName>Zona di Vigilanza</valueName>
                <value>33</value>
            </geocode>
        </area>
        <area>
            <areaDesc>Costa molisana e abruzzese meridionale</areaDesc>
            <geocode>
                <valueName>Zona di Vigilanza</valueName>
                <value>34</value>
            </geocode>
        </area>
        <area>
            <areaDesc>Medio-alto Volturno, Venafro ed Alto Liri</areaDesc>
            <geocode>
                <valueName>Zona di Vigilanza</valueName>
                <value>38</value>
            </geocode>
        </area>
        <area>
            <areaDesc>Monti della Daunia</areaDesc>
            <geocode>
                <valueName>Zona di Vigilanza</valueName>
                <value>39</value>
            </geocode>
        </area>
        <area>
            <areaDesc>Alta Irpinia e Sannio</areaDesc>
            <geocode>
                <valueName>Zona di Vigilanza</valueName>
                <value>40</value>
            </geocode>
        </area>
        <area>
            <areaDesc>Gargano, Tavoliere, Capitanata</areaDesc>
            <geocode>
                <valueName>Zona di Vigilanza</valueName>
                <value>41</value>
            </geocode>
        </area>
        <area>
            <areaDesc>Cilento, Vallo di Diano ed Appennino lucano</areaDesc>
            <geocode>
                <valueName>Zona di Vigilanza</valueName>
                <value>42</value>
            </geocode>
        </area>
        <area>
            <areaDesc>Vulture, Medio-alto Ofanto</areaDesc>
            <geocode>
                <valueName>Zona di Vigilanza</valueName>
                <value>43</value>
            </geocode>
        </area>
        <area>
            <areaDesc>Dolomiti Lucane, Potentino ed Alta Murgia</areaDesc>
            <geocode>
                <valueName>Zona di Vigilanza</valueName>
                <value>44</value>
            </geocode>
        </area>
        <area>
            <areaDesc>Costa pugliese centrale</areaDesc>
            <geocode>
                <valueName>Zona di Vigilanza</valueName>
                <value>45</value>
            </geocode>
        </area>
    </info>
</bvxml>
